<?xml version="1.0"?>
<!--<!DOCTYPE metadata SYSTEM "http://www.esri.com/metadata/esriprof80.dtd">-->
<metadata xml:lang="en"><Esri><CreaDate>20050709</CreaDate><CreaTime>14454000</CreaTime><SyncOnce>FALSE</SyncOnce><DataProperties><lineage><Process Name="Create Feature Class" ToolSource="C:\Program Files\ArcGIS\ArcToolbox\Toolboxes\Data Management Tools.tbx\CreateFeatureclass" Date="20050425" Time="145711">CreateFeatureclass H:\PortageCounty finalshape # arc_Layer SAME_AS_TEMPLATE SAME_AS_TEMPLATE "PROJCS['NAD_1983_HARN_Lambert_Conformal_Conic',GEOGCS['GCS_North_American_1983_HARN',DATUM['D_North_American_1983_HARN',SPHEROID['GRS_1980',6378137.0,298.257222101]],PRIMEM['Greenwich',0.0],UNIT['Degree',0.0174532925199433]],PROJECTION['Lambert_Conformal_Conic'],PARAMETER['False_Easting',185000.000078],PARAMETER['False_Northing',0.0],PARAMETER['Central_Meridian',-89.5],PARAMETER['Standard_Parallel_1',44.18333333333333],PARAMETER['Standard_Parallel_2',44.65],PARAMETER['Latitude_Of_Origin',43.96666666666667],UNIT['Foot_US',0.3048006096012192]];-98771.496013 -93412.750973 3906.249996;0.000000 100000.000000;0.000000 100000.000000" # 0 0 0 H:\PortageCounty\finalshape.shp</Process><Process Name="Append" ToolSource="C:\Program Files\ArcGIS\ArcToolbox\Toolboxes\Data Management Tools.tbx\Append" Date="20050425" Time="145734">Append arc_Layer H:\PortageCounty\finalshape.shp TEST H:\PortageCounty\finalshape.shp</Process><Process Name="FeatureClassToFeatureClass_2" ToolSource="C:\Program Files\ArcGIS\ArcToolbox\Toolboxes\Conversion Tools.tbx\FeatureClassToFeatureClass" Date="20050425" Time="145741">FeatureClassToFeatureClass H:\PortageCounty\30fuzzy\arc H:\PortageCounty finalshape # "FNODE# FNODE_ VISIBLE;TNODE# TNODE_ VISIBLE;LPOLY# LPOLY_ VISIBLE;RPOLY# RPOLY_ VISIBLE;LENGTH LENGTH VISIBLE;30FUZZY# 30FUZZY_ VISIBLE;30FUZZY-ID 30FUZZY_ID VISIBLE;FNODE_ FNODE1 VISIBLE;TNODE_ TNODE1 VISIBLE;LPOLY_ LPOLY1 VISIBLE;RPOLY_ RPOLY1 VISIBLE;CLEAN_LENGTH CLEAN_LENG VISIBLE;CENLINE_ CENLINE_ VISIBLE;CENLINE_ID CENLINE_ID VISIBLE;LFROM LFROM VISIBLE;RFROM RFROM VISIBLE;LTO LTO VISIBLE;RTO RTO VISIBLE;PRE_DIR PRE_DIR VISIBLE;PRE_TYPE PRE_TYPE VISIBLE;NAME NAME VISIBLE;TYPE TYPE VISIBLE;SUFFIX_DIR SUFFIX_DIR VISIBLE;L_PLACE L_PLACE VISIBLE;R_PLACE R_PLACE VISIBLE;LZIP LZIP VISIBLE;RZIP RZIP VISIBLE;DISPLAY DISPLAY VISIBLE;LABEL LABEL VISIBLE;FUNC_CLASS FUNC_CLASS VISIBLE;A88FUNC_CL A88FUNC_CL VISIBLE;TF_WEIGHT TF_WEIGHT VISIBLE;FT_WEIGHT FT_WEIGHT VISIBLE;FORWARD FORWARD VISIBLE;BACKWARD BACKWARD VISIBLE;PATROLSECT PATROLSECT VISIBLE" SAME_AS_TEMPLATE SAME_AS_TEMPLATE # 0 H:\PortageCounty\finalshape.shp</Process></lineage></DataProperties><SyncDate>20051027</SyncDate><SyncTime>19365500</SyncTime><ModDate>20051027</ModDate><ModTime>19365500</ModTime><MetaID>{2DC00F36-B5A5-47E2-9DD5-4091FC9CCD9C}</MetaID></Esri><idinfo><citation><citeinfo><onlink Sync="TRUE">\\DEPARTME-8D89EA\c\wiscplow\PortagePatrolSections.shp</onlink><origin>REQUIRED: The name of an organization or individual that developed the data set.</origin><pubdate>REQUIRED: The date when the data set is published or otherwise made available for release.</pubdate><title Sync="TRUE">PortagePatrolSections</title><ftname Sync="TRUE">PortagePatrolSections</ftname><geoform Sync="TRUE">vector digital data</geoform></citeinfo></citation><native Sync="TRUE">Microsoft Windows XP Version 5.1 (Build 2600) Service Pack 2; ESRI ArcCatalog 9.0.0.535</native><descript><langdata Sync="TRUE">en</langdata><abstract>REQUIRED: A brief narrative summary of the data set.</abstract><purpose>REQUIRED: A summary of the intentions with which the data set was developed.</purpose></descript><timeperd><current>REQUIRED: The basis on which the time period of content information is determined.</current><timeinfo><sngdate><caldate>REQUIRED: The year (and optionally month, or month and day) for which the data set corresponds to the ground.</caldate></sngdate></timeinfo></timeperd><status><progress>REQUIRED: The state of the data set.</progress><update>REQUIRED: The frequency with which changes and additions are made to the data set after the initial data set is completed.</update></status><spdom><bounding><westbc Sync="TRUE">-89.845899</westbc><eastbc Sync="TRUE">-89.222134</eastbc><northbc Sync="TRUE">44.729848</northbc><southbc Sync="TRUE">44.243823</southbc></bounding><lboundng><leftbc Sync="TRUE">95101.121292</leftbc><rightbc Sync="TRUE">257216.998419</rightbc><bottombc Sync="TRUE">101225.659162</bottombc><topbc Sync="TRUE">278227.806090</topbc></lboundng></spdom><keywords><theme><themekt>REQUIRED: Reference to a formally registered thesaurus or a similar authoritative source of theme keywords.</themekt><themekey>REQUIRED: Common-use word or phrase used to describe the subject of the data set.</themekey></theme></keywords><accconst>REQUIRED: Restrictions and legal prerequisites for accessing the data set.</accconst><useconst>REQUIRED: Restrictions and legal prerequisites for using the data set after access is granted.</useconst><natvform Sync="TRUE">Shapefile</natvform></idinfo><distInfo><distributor><distorTran><onLineSrc><linkage Sync="TRUE">file://\\DEPARTME-8D89EA\c\wiscplow\PortagePatrolSections.shp</linkage><protocol Sync="TRUE">Local Area Network</protocol><orDesc Sync="TRUE">002</orDesc></onLineSrc><transSize Sync="TRUE">0.197</transSize></distorTran><distorFormat><formatName Sync="TRUE">Shapefile</formatName></distorFormat></distributor></distInfo><dataqual><lineage><procstep><procdesc Sync="TRUE">Dataset copied.</procdesc><srcused Sync="TRUE">F:\PortageCounty\finalshape</srcused><date Sync="TRUE">20050425</date><time Sync="TRUE">15142000</time></procstep><procstep><procdesc Sync="TRUE">Dataset copied.</procdesc><srcused Sync="TRUE">C:\Portage County\finalshape</srcused><date Sync="TRUE">20050426</date><time Sync="TRUE">11011700</time></procstep><procstep><procdesc Sync="TRUE">Dataset copied.</procdesc><srcused Sync="TRUE">C:\Portage County\finaledit</srcused><date Sync="TRUE">20050426</date><time Sync="TRUE">12035900</time></procstep><procstep><procdesc Sync="TRUE">Dataset copied.</procdesc><srcused Sync="TRUE">C:\Portage County\finaledit1</srcused><date Sync="TRUE">20050426</date><time Sync="TRUE">13253100</time></procstep><procstep><procdesc Sync="TRUE">Dataset copied.</procdesc><srcused Sync="TRUE">C:\Portage County\finaledit2</srcused><date Sync="TRUE">20050504</date><time Sync="TRUE">10043700</time></procstep><procstep><procdesc Sync="TRUE">Dataset copied.</procdesc><srcused Sync="TRUE">C:\Portage County\finaledit4</srcused><date Sync="TRUE">20050504</date><time Sync="TRUE">14223600</time></procstep><procstep><procdesc Sync="TRUE">Dataset copied.</procdesc><srcused Sync="TRUE">C:\Portage County\finaledit5</srcused><date Sync="TRUE">20050504</date><time Sync="TRUE">14450800</time></procstep><procstep><procdesc Sync="TRUE">Dataset copied.</procdesc><srcused Sync="TRUE">c:\portage county\finaledit7</srcused><date Sync="TRUE">20050504</date><time Sync="TRUE">14523200</time></procstep><procstep><procdesc Sync="TRUE">Dataset copied.</procdesc><srcused Sync="TRUE">C:\PortageCounty\finaledit8</srcused><date Sync="TRUE">20050510</date><time Sync="TRUE">17414600</time></procstep><procstep><procdesc Sync="TRUE">Dataset copied.</procdesc><srcused Sync="TRUE">C:\PortageCounty\finaledit9</srcused><date Sync="TRUE">20050518</date><time Sync="TRUE">15051400</time></procstep><procstep><procdesc Sync="TRUE">Dataset copied.</procdesc><srcused Sync="TRUE">C:\PortageCounty\finaledit10</srcused><date Sync="TRUE">20050616</date><time Sync="TRUE">12390000</time></procstep><procstep><procdesc Sync="TRUE">Dataset copied.</procdesc><srcused Sync="TRUE">C:\PortageCounty\test</srcused><date Sync="TRUE">20050616</date><time Sync="TRUE">12464200</time></procstep><procstep><procdesc Sync="TRUE">Dataset copied.</procdesc><srcused Sync="TRUE">C:\PortageCounty\testPatrol</srcused><date Sync="TRUE">20050709</date><time Sync="TRUE">14454000</time></procstep></lineage></dataqual><dataIdInfo><envirDesc Sync="TRUE">Microsoft Windows XP Version 5.1 (Build 2600) Service Pack 2; ESRI ArcCatalog 9.0.0.535</envirDesc><dataLang><languageCode Sync="TRUE" value="en"></languageCode></dataLang><idCitation><resTitle Sync="TRUE">PortagePatrolSections</resTitle><presForm><PresFormCd Sync="TRUE" value="005"></PresFormCd></presForm></idCitation><spatRpType><SpatRepTypCd Sync="TRUE" value="001"></SpatRepTypCd></spatRpType><dataExt><geoEle><GeoBndBox esriExtentType="native"><westBL Sync="TRUE">95101.121292</westBL><eastBL Sync="TRUE">257216.998419</eastBL><northBL Sync="TRUE">278227.80609</northBL><southBL Sync="TRUE">101225.659162</southBL><exTypeCode Sync="TRUE">1</exTypeCode></GeoBndBox></geoEle></dataExt><geoBox esriExtentType="decdegrees"><westBL Sync="TRUE">-89.845899</westBL><eastBL Sync="TRUE">-89.222134</eastBL><northBL Sync="TRUE">44.729848</northBL><southBL Sync="TRUE">44.243823</southBL><exTypeCode Sync="TRUE">1</exTypeCode></geoBox></dataIdInfo><metainfo><langmeta Sync="TRUE">en</langmeta><metstdn Sync="TRUE">FGDC Content Standards for Digital Geospatial Metadata</metstdn><metstdv Sync="TRUE">FGDC-STD-001-1998</metstdv><mettc Sync="TRUE">local time</mettc><metc><cntinfo><cntorgp><cntper>REQUIRED: The person responsible for the metadata information.</cntper><cntorg>REQUIRED: The organization responsible for the metadata information.</cntorg></cntorgp><cntaddr><addrtype>REQUIRED: The mailing and/or physical address for the organization or individual.</addrtype><city>REQUIRED: The city of the address.</city><state>REQUIRED: The state or province of the address.</state><postal>REQUIRED: The ZIP or other postal code of the address.</postal></cntaddr><cntvoice>REQUIRED: The telephone number by which individuals can speak to the organization or individual.</cntvoice></cntinfo></metc><metd Sync="TRUE">20051027</metd><metextns><onlink Sync="TRUE">http://www.esri.com/metadata/esriprof80.html</onlink><metprof Sync="TRUE">ESRI Metadata Profile</metprof></metextns></metainfo><mdLang><languageCode Sync="TRUE" value="en"></languageCode></mdLang><mdStanName Sync="TRUE">ISO 19115 Geographic Information - Metadata</mdStanName><mdStanVer Sync="TRUE">DIS_ESRI1.0</mdStanVer><mdChar><CharSetCd Sync="TRUE" value="004"></CharSetCd></mdChar><mdHrLv><ScopeCd Sync="TRUE" value="005"></ScopeCd></mdHrLv><mdHrLvName Sync="TRUE">dataset</mdHrLvName><distinfo><resdesc Sync="TRUE">Downloadable Data</resdesc><stdorder><digform><digtinfo><transize Sync="TRUE">0.197</transize><dssize Sync="TRUE">0.197</dssize></digtinfo></digform></stdorder></distinfo><spdoinfo><direct Sync="TRUE">Vector</direct><ptvctinf><esriterm Name="PortagePatrolSections"><efeatyp Sync="TRUE">Simple</efeatyp><efeageom Sync="TRUE">Polyline</efeageom><esritopo Sync="TRUE">FALSE</esritopo><efeacnt Sync="TRUE">651</efeacnt><spindex Sync="TRUE">TRUE</spindex><linrefer Sync="TRUE">FALSE</linrefer></esriterm><sdtsterm Name="PortagePatrolSections"><sdtstype Sync="TRUE">String</sdtstype><ptvctcnt Sync="TRUE">651</ptvctcnt></sdtsterm></ptvctinf></spdoinfo><spref><horizsys><cordsysn><geogcsn Sync="TRUE">GCS_North_American_1983_HARN</geogcsn><projcsn Sync="TRUE">NAD_1983_HARN_Lambert_Conformal_Conic</projcsn></cordsysn><planar><planci><plance Sync="TRUE">coordinate pair</plance><plandu Sync="TRUE">survey feet</plandu><coordrep><absres Sync="TRUE">0.000256</absres><ordres Sync="TRUE">0.000256</ordres></coordrep></planci><mapproj><mapprojn Sync="TRUE">Lambert Conformal Conic</mapprojn><lambertc><stdparll Sync="TRUE">44.183333</stdparll><stdparll Sync="TRUE">44.650000</stdparll><longcm Sync="TRUE">-89.500000</longcm><latprjo Sync="TRUE">43.966667</latprjo><feast Sync="TRUE">185000.000078</feast><fnorth Sync="TRUE">0.000000</fnorth></lambertc></mapproj></planar><geodetic><horizdn Sync="TRUE">D_North_American_1983_HARN</horizdn><ellips Sync="TRUE">Geodetic Reference System 80</ellips><semiaxis Sync="TRUE">6378137.000000</semiaxis><denflat Sync="TRUE">298.257222</denflat></geodetic></horizsys></spref><refSysInfo><RefSystem><refSysID><identCode Sync="TRUE">NAD_1983_HARN_Lambert_Conformal_Conic</identCode></refSysID></RefSystem></refSysInfo><spatRepInfo><VectSpatRep><topLvl><TopoLevCd Sync="TRUE" value="001"></TopoLevCd></topLvl><geometObjs Name="PortagePatrolSections"><geoObjTyp><GeoObjTypCd Sync="TRUE" value="001"></GeoObjTypCd></geoObjTyp><geoObjCnt Sync="TRUE">651</geoObjCnt></geometObjs></VectSpatRep></spatRepInfo><eainfo><detailed Name="PortagePatrolSections"><enttyp><enttypl Sync="TRUE">PortagePatrolSections</enttypl><enttypt Sync="TRUE">Feature Class</enttypt><enttypc Sync="TRUE">651</enttypc></enttyp><attr><attrlabl Sync="TRUE">FID</attrlabl><attalias Sync="TRUE">FID</attalias><attrtype Sync="TRUE">OID</attrtype><attwidth Sync="TRUE">4</attwidth><atprecis Sync="TRUE">0</atprecis><attscale Sync="TRUE">0</attscale><attrdef Sync="TRUE">Internal feature number.</attrdef><attrdefs Sync="TRUE">ESRI</attrdefs><attrdomv><udom Sync="TRUE">Sequential unique whole numbers that are automatically generated.</udom></attrdomv></attr><attr><attrlabl Sync="TRUE">Shape</attrlabl><attalias Sync="TRUE">Shape</attalias><attrtype Sync="TRUE">Geometry</attrtype><attwidth Sync="TRUE">0</attwidth><atprecis Sync="TRUE">0</atprecis><attscale Sync="TRUE">0</attscale><attrdef Sync="TRUE">Feature geometry.</attrdef><attrdefs Sync="TRUE">ESRI</attrdefs><attrdomv><udom Sync="TRUE">Coordinates defining the features.</udom></attrdomv></attr><attr><attrlabl Sync="TRUE">LENGTH</attrlabl><attalias Sync="TRUE">LENGTH</attalias><attrtype Sync="TRUE">Float</attrtype><attwidth Sync="TRUE">19</attwidth><atnumdec Sync="TRUE">11</atnumdec></attr><attr><attrlabl Sync="TRUE">TF_WEIGHT</attrlabl><attalias Sync="TRUE">TF_WEIGHT</attalias><attrtype Sync="TRUE">Float</attrtype><attwidth Sync="TRUE">19</attwidth><atnumdec Sync="TRUE">11</atnumdec></attr><attr><attrlabl Sync="TRUE">FT_WEIGHT</attrlabl><attalias Sync="TRUE">FT_WEIGHT</attalias><attrtype Sync="TRUE">Float</attrtype><attwidth Sync="TRUE">19</attwidth><atnumdec Sync="TRUE">11</atnumdec></attr><attr><attrlabl Sync="TRUE">PATROLSECT</attrlabl><attalias Sync="TRUE">PATROLSECT</attalias><attrtype Sync="TRUE">String</attrtype><attwidth Sync="TRUE">20</attwidth></attr><attr><attrlabl Sync="TRUE">ROUTEN_COM</attrlabl><attalias Sync="TRUE">ROUTEN_COM</attalias><attrtype Sync="TRUE">String</attrtype><attwidth Sync="TRUE">50</attwidth></attr><attr><attrlabl Sync="TRUE">CLASS</attrlabl><attalias Sync="TRUE">CLASS</attalias><attrtype Sync="TRUE">Number</attrtype><attwidth Sync="TRUE">9</attwidth></attr></detailed></eainfo><mdDateSt Sync="TRUE">20051027</mdDateSt></metadata>
