<?xml version="1.0"?>
<!--<!DOCTYPE metadata SYSTEM "http://www.esri.com/metadata/esriprof80.dtd">-->
<metadata xml:lang="en"><Esri><CreaDate>20051026</CreaDate><CreaTime>16453300</CreaTime><SyncOnce>FALSE</SyncOnce><DataProperties><lineage><Process Name="Create Feature Class" ToolSource="C:\Program Files\ArcGIS\ArcToolbox\Toolboxes\Data Management Tools.tbx\CreateFeatureclass" Date="20050425" Time="145711">CreateFeatureclass H:\PortageCounty finalshape # arc_Layer SAME_AS_TEMPLATE SAME_AS_TEMPLATE "PROJCS['NAD_1983_HARN_Lambert_Conformal_Conic',GEOGCS['GCS_North_American_1983_HARN',DATUM['D_North_American_1983_HARN',SPHEROID['GRS_1980',6378137.0,298.257222101]],PRIMEM['Greenwich',0.0],UNIT['Degree',0.0174532925199433]],PROJECTION['Lambert_Conformal_Conic'],PARAMETER['False_Easting',185000.000078],PARAMETER['False_Northing',0.0],PARAMETER['Central_Meridian',-89.5],PARAMETER['Standard_Parallel_1',44.18333333333333],PARAMETER['Standard_Parallel_2',44.65],PARAMETER['Latitude_Of_Origin',43.96666666666667],UNIT['Foot_US',0.3048006096012192]];-98771.496013 -93412.750973 3906.249996;0.000000 100000.000000;0.000000 100000.000000" # 0 0 0 H:\PortageCounty\finalshape.shp</Process><Process Name="Append" ToolSource="C:\Program Files\ArcGIS\ArcToolbox\Toolboxes\Data Management Tools.tbx\Append" Date="20050425" Time="145734">Append arc_Layer H:\PortageCounty\finalshape.shp TEST H:\PortageCounty\finalshape.shp</Process><Process Name="FeatureClassToFeatureClass_2" ToolSource="C:\Program Files\ArcGIS\ArcToolbox\Toolboxes\Conversion Tools.tbx\FeatureClassToFeatureClass" Date="20050425" Time="145741">FeatureClassToFeatureClass H:\PortageCounty\30fuzzy\arc H:\PortageCounty finalshape # "FNODE# FNODE_ VISIBLE;TNODE# TNODE_ VISIBLE;LPOLY# LPOLY_ VISIBLE;RPOLY# RPOLY_ VISIBLE;LENGTH LENGTH VISIBLE;30FUZZY# 30FUZZY_ VISIBLE;30FUZZY-ID 30FUZZY_ID VISIBLE;FNODE_ FNODE1 VISIBLE;TNODE_ TNODE1 VISIBLE;LPOLY_ LPOLY1 VISIBLE;RPOLY_ RPOLY1 VISIBLE;CLEAN_LENGTH CLEAN_LENG VISIBLE;CENLINE_ CENLINE_ VISIBLE;CENLINE_ID CENLINE_ID VISIBLE;LFROM LFROM VISIBLE;RFROM RFROM VISIBLE;LTO LTO VISIBLE;RTO RTO VISIBLE;PRE_DIR PRE_DIR VISIBLE;PRE_TYPE PRE_TYPE VISIBLE;NAME NAME VISIBLE;TYPE TYPE VISIBLE;SUFFIX_DIR SUFFIX_DIR VISIBLE;L_PLACE L_PLACE VISIBLE;R_PLACE R_PLACE VISIBLE;LZIP LZIP VISIBLE;RZIP RZIP VISIBLE;DISPLAY DISPLAY VISIBLE;LABEL LABEL VISIBLE;FUNC_CLASS FUNC_CLASS VISIBLE;A88FUNC_CL A88FUNC_CL VISIBLE;TF_WEIGHT TF_WEIGHT VISIBLE;FT_WEIGHT FT_WEIGHT VISIBLE;FORWARD FORWARD VISIBLE;BACKWARD BACKWARD VISIBLE;PATROLSECT PATROLSECT VISIBLE" SAME_AS_TEMPLATE SAME_AS_TEMPLATE # 0 H:\PortageCounty\finalshape.shp</Process></lineage></DataProperties><SyncDate>20051028</SyncDate><SyncTime>00193200</SyncTime><ModDate>20051028</ModDate><ModTime>00193200</ModTime><MetaID>{A400041A-8AC9-48B2-851B-EA898B340326}</MetaID></Esri><idinfo><citation><citeinfo><origin>UW-Madison WiscPlow Research Team</origin><pubdate>2005</pubdate><title Sync="TRUE">PortageRoads</title><ftname Sync="TRUE">PortageRoads</ftname><geoform Sync="TRUE">vector digital data</geoform><onlink Sync="TRUE">\\DEPARTME-8D89EA\c\wiscplow\PortageRoads.shp</onlink></citeinfo></citation><native Sync="TRUE">Microsoft Windows XP Version 5.1 (Build 2600) Service Pack 2; ESRI ArcCatalog 9.0.0.535</native><descript><langdata Sync="TRUE">en</langdata><abstract>This roadway spatial database was created in conjunction with the Wisconsin Winter Maintenance Concept Vehicle at UW-Madison by the UW-Madison WiscPlow Research Team.  It depicts the roadway centerlines in Portage County and contains attributes used by the WiscPlow software, among them attributes necessary to create a network shapefile using Netshape.  The spatial features were first obtained from the Portage County Land Information Office, and only slightly adjusted when necessary to provide the topological integrity required by WiscPlow.  Orthophotos obtained from the Portage County Land Information Office were used as a reference for spatial changes made to the original dataset.</abstract><purpose>This roadway centerline database was created by the UW-Madison WiscPlow Research Team solely for use with the WiscPlow software, also developed by the UW-Madison Research Team.  The attributes contained in the shapefile were created to fulfill the specific requirements of the WiscPlow program, and may not have any other intuitive meaning.  This dataset is not intended to be used for any other reason than with the WiscPlow application.</purpose></descript><timeperd><timeinfo><sngdate><caldate>2005</caldate></sngdate></timeinfo><current>This data set was originally produced in 2005, using the most current information available from the Portage County Land Information Office.  The Portage County Highway Department will update this data as they deem necessary for their operations.</current></timeperd><status><progress>Complete</progress><update>As needed</update></status><spdom><bounding><westbc Sync="TRUE">-89.846326</westbc><eastbc Sync="TRUE">-89.222112</eastbc><northbc Sync="TRUE">44.729848</northbc><southbc Sync="TRUE">44.242433</southbc></bounding><lboundng><leftbc Sync="TRUE">94990.020552</leftbc><rightbc Sync="TRUE">257222.801567</rightbc><bottombc Sync="TRUE">100719.403820</bottombc><topbc Sync="TRUE">278227.806090</topbc></lboundng></spdom><keywords><place><placekey>Wisconsin</placekey><placekey>Portage</placekey><placekey>Stevens Point</placekey></place><theme><themekey>WiscPlow</themekey><themekey>Wisconsin Winter Maintenance Concept Vehicle</themekey></theme></keywords><accconst>This dataset is intended to be used only by the Portage County Highway Department for use with WiscPlow.  It will be their duty to maintain and update this dataset in the future.  This dataset is not intended to be reproduced or redistributed to any other parties.</accconst><useconst>The UW-Madison WiscPlow Research Team and the Portage County Highway Department will not be liable in any way for the spatial accuracy of this data and will assume no responsibility for any damage to the data, if it were to be used by another party.</useconst><natvform Sync="TRUE">Shapefile</natvform><datacred>UW-Madison WiscPlow Research Team
Portage County Land Information Office</datacred></idinfo><distInfo><distributor><distorTran><onLineSrc><linkage Sync="TRUE">file://\\DEPARTME-8D89EA\c\wiscplow\PortageRoads.shp</linkage><protocol Sync="TRUE">Local Area Network</protocol><orDesc Sync="TRUE">002</orDesc></onLineSrc><transSize Sync="TRUE">1.812</transSize></distorTran><distorFormat><formatName Sync="TRUE">Shapefile</formatName></distorFormat></distributor></distInfo><dataqual><lineage><procstep><procdesc>All necessary attributes for the creation of topology were added to the dataset.  Dataset copied.</procdesc><srcused Sync="TRUE">F:\PortageCounty\finalshape</srcused><date Sync="TRUE">20050425</date><time Sync="TRUE">15142000</time><proccont><cntinfo><cntperp><cntper>Nicholas Brezovar</cntper><cntorg>UW-Madison WiscPlow Research Team</cntorg></cntperp><cntpos>Project Assistant</cntpos></cntinfo></proccont><procsv>ArcGIS 9.0</procsv><procdate>March 2005</procdate></procstep><procstep><procdesc>A clean function was used within ArcGIS 9.0 to snap unsnapped nodes that were disrupting the creation of a network topology for the dataset.  Dataset copied.</procdesc><srcused Sync="TRUE">C:\Portage County\finalshape</srcused><date Sync="TRUE">20050426</date><time Sync="TRUE">11011700</time><procsv>ArcGIS 9.0</procsv><procdate>March 2005</procdate></procstep><procstep><procdesc>A couple small roadways needed for topology were manually digitized.  Dataset copied.</procdesc><srcused Sync="TRUE">C:\Portage County\finaledit</srcused><date Sync="TRUE">20050426</date><time Sync="TRUE">12035900</time><procsv>ArcGIS 9.0</procsv><procdate>April 2005</procdate></procstep><procstep><procdesc>More manual digitizing was done, mostly to separate interstate ramps into their principal components.  Dataset copied.</procdesc><srcused Sync="TRUE">C:\Portage County\finaledit1</srcused><date Sync="TRUE">20050426</date><time Sync="TRUE">13253100</time><procsv>ArcGIS 9.0</procsv><procdate>April 2005</procdate></procstep><procstep><procdesc>Fields were deleted, remaining fields were renamed, and unnamed roads were given names.  Some polylines were merged.  Dataset copied.</procdesc><srcused Sync="TRUE">C:\Portage County\finaledit2</srcused><date Sync="TRUE">20050504</date><time Sync="TRUE">10043700</time><procsv>ArcGIS 9.0</procsv><procdate>April 2005</procdate></procstep><procstep><procdesc>Patrol sections were attributed for the entire county.  Dataset copied.</procdesc><srcused Sync="TRUE">C:\Portage County\finaledit4</srcused><date Sync="TRUE">20050504</date><time Sync="TRUE">14223600</time><procsv>ArcGIS 9.0</procsv><procdate>May 2005</procdate></procstep><procstep><procdesc>Attributes were recalculated and verified for correctness.  Dataset copied.</procdesc><srcused Sync="TRUE">C:\Portage County\finaledit5</srcused><date Sync="TRUE">20050504</date><time Sync="TRUE">14450800</time><procsv>ArcGIS 9.0</procsv><procdate>May 2005</procdate></procstep><procstep><procdesc>Class field added.  Dataset copied.</procdesc><srcused Sync="TRUE">c:\portage county\finaledit7</srcused><date Sync="TRUE">20050504</date><time Sync="TRUE">14523200</time><procsv>ArcGIS 9.0</procsv><procdate>May 2005</procdate></procstep><procstep><procdesc>Dataset cleaned up, attributes recalculated.  Dataset copied.</procdesc><srcused Sync="TRUE">C:\PortageCounty\finaledit8</srcused><date Sync="TRUE">20050510</date><time Sync="TRUE">17414600</time><procsv>ArcGIS 9.0</procsv><procdate>May 2005</procdate></procstep><procstep><procdesc>Patrol sections were edited.  Some roads were renamed, polylines were merged and split.  Dataset copied.</procdesc><srcused Sync="TRUE">C:\PortageCounty\finaledit9</srcused><date Sync="TRUE">20050518</date><time Sync="TRUE">15051400</time><procsv>ArcGIS 9.0</procsv><procdate>May 2005</procdate></procstep><procstep><procdesc>Patrol sections were edited.  Lengths and topology fields were recalculated.  Dataset copied.</procdesc><srcused Sync="TRUE">C:\PortageCounty\finaledit10</srcused><date Sync="TRUE">20050614</date><time Sync="TRUE">17574800</time><procsv>ArcGIS 9.0</procsv><procdate>May 2005</procdate></procstep><srcinfo><typesrc>CD-ROM</typesrc><srctime><srccurr>publication date</srccurr><timeinfo><sngdate><caldate>1997</caldate></sngdate></timeinfo></srctime><srccontr>Feature Lines and Road Name Attributes</srccontr><srccite><citeinfo><origin>Portage County Land Information Office</origin><geoform>vector digital data</geoform><pubdate>1997</pubdate><pubtime>Unknown</pubtime><title>Roadway Centerline Database</title><edition>unknown</edition><othercit>Since its original creation in 1997, this dataset has been updated to improve accuracy and reflect changes in roadways that have occured.</othercit></citeinfo></srccite><srcscale>1:12,000 (Nominal Scale)</srcscale></srcinfo><srcinfo><srccite><citeinfo><origin>Portage County Land Information Office</origin><pubdate>2000</pubdate><pubtime>Unknown</pubtime><geoform>remote-sensing image</geoform><title>Orthophotography</title></citeinfo></srccite><typesrc>CD-ROM</typesrc><srccontr>Orthophotography used as a reference.</srccontr><srcscale>1:12,000</srcscale><srctime><timeinfo><sngdate><caldate>2000</caldate></sngdate></timeinfo><srccurr>publication date</srccurr></srctime></srcinfo><procstep><procdesc>Metadata was written.  Dataset copied.</procdesc><srcused Sync="TRUE">C:\PortageCounty\finaledit11</srcused><date Sync="TRUE">20050630</date><time Sync="TRUE">13362500</time><procsv>ArcGIS 9.0</procsv><procdate>May 2005</procdate></procstep><procstep><procdesc Sync="TRUE">Dataset copied.</procdesc><srcused Sync="TRUE">C:\PortageCounty\finaledit12</srcused><date Sync="TRUE">20050708</date><time Sync="TRUE">14353100</time></procstep><procstep><procdesc Sync="TRUE">Dataset copied.</procdesc><srcused Sync="TRUE">C:\PortageCounty\withMarathon</srcused><date Sync="TRUE">20050708</date><time Sync="TRUE">14572300</time></procstep><srcinfo><srcscale>1:4,800</srcscale><srccite><citeinfo><origin>Marathon County Land Information Office</origin><pubdate>Unknown</pubdate><pubtime>Unknown</pubtime><title>Roadway Centerline Database</title><geoform>vector digital data</geoform><onlink>http://gismaps.co.marathon.wi.us/gisweb/ccdcc_pub/ccdcc.asp</onlink></citeinfo></srccite><typesrc>electronic mail system</typesrc><srctime><timeinfo><sngdate><caldate>1990</caldate></sngdate></timeinfo><srccurr>ground condition</srccurr></srctime><srccontr>Feature Line for road in Marathon County.</srccontr></srcinfo><procstep><procdesc Sync="TRUE">Dataset copied.</procdesc><srcused Sync="TRUE">c:\portagecounty\PortageRoads</srcused><date Sync="TRUE">20051026</date><time Sync="TRUE">16453300</time></procstep></lineage><attracc><attraccr>The accuracy of the attributes is subject to human error and limited by the accuracy of the dataset from which it was derived.  Attributes were changed and added to the original dataset obtained from the Portage County Land Information Office as needed.  Every effort was made to insure the correctness of the attributes, in order that the WiscPlow software function properly.</attraccr></attracc><logic>This dataset is topologically structured for arcs for the entire Portage County area.  The geographic data represented by this shapefile is represented according to a vector-based data type.</logic><complete>The features represented in this dataset are, to the best knowledge of the UW-Madison WiscPlow Research Team, representative of all roadway centerlines in Portage County of importance to the functionality of the WiscPlow software.  The features will need to be updated in the future.</complete><posacc><horizpa><horizpar>Accuracy of this data is entirely dependent upon the accuracy of the source roadway centerline dataset obtained from the Portage County Land Information Office which was used to create this data.  The original source dataset was heads-up digitized from USGS digital orthophoto quarterquads (nominal scale = 1:12,000) in 1997. Some spatial features were adjusted to countywide orthophotos acquired in 2000.  Other spatial features were changed by the Portage County Land Information Office to reflect newly constructed roadways since 2000.  Minor changes were made to horizontal coordinates of spatial features by the UW-Madison WiscPlow Research Team only when deemed necessary for the topology required by WiscPlow.</horizpar></horizpa><vertacc><vertaccr>There is no vertical data in this dataset.</vertaccr></vertacc></posacc></dataqual><dataIdInfo><envirDesc Sync="TRUE">Microsoft Windows XP Version 5.1 (Build 2600) Service Pack 2; ESRI ArcCatalog 9.0.0.535</envirDesc><dataLang><languageCode Sync="TRUE" value="en"></languageCode></dataLang><idCitation><resTitle Sync="TRUE">PortageRoads</resTitle><presForm><PresFormCd Sync="TRUE" value="005"></PresFormCd></presForm></idCitation><spatRpType><SpatRepTypCd Sync="TRUE" value="001"></SpatRepTypCd></spatRpType><dataExt><geoEle><GeoBndBox esriExtentType="native"><westBL Sync="TRUE">94990.020552</westBL><eastBL Sync="TRUE">257222.801567</eastBL><northBL Sync="TRUE">278227.80609</northBL><southBL Sync="TRUE">100719.40382</southBL><exTypeCode Sync="TRUE">1</exTypeCode></GeoBndBox></geoEle></dataExt><geoBox esriExtentType="decdegrees"><westBL Sync="TRUE">-89.846326</westBL><eastBL Sync="TRUE">-89.222112</eastBL><northBL Sync="TRUE">44.729848</northBL><southBL Sync="TRUE">44.242433</southBL><exTypeCode Sync="TRUE">1</exTypeCode></geoBox></dataIdInfo><metainfo><langmeta Sync="TRUE">en</langmeta><metstdn Sync="TRUE">FGDC Content Standards for Digital Geospatial Metadata</metstdn><metstdv Sync="TRUE">FGDC-STD-001-1998</metstdv><mettc Sync="TRUE">local time</mettc><metc><cntinfo><cntorgp><cntper>Nicholas Brezovar</cntper><cntorg>UW-Madison WiscPlow Research Team</cntorg></cntorgp><cntaddr><addrtype>physical address</addrtype><city>Madison</city><state>Wisconsin</state><postal>53706</postal><address>UW-Madison</address><address>1249A Engineering Hall</address><address>1415 Engineering Drive</address></cntaddr><cntvoice>608-262-3228</cntvoice><cntpos>Project Assistant</cntpos><hours>9:00 - 5:00</hours></cntinfo></metc><metd Sync="TRUE">20051028</metd><metextns><onlink Sync="TRUE">http://www.esri.com/metadata/esriprof80.html</onlink><metprof Sync="TRUE">ESRI Metadata Profile</metprof></metextns></metainfo><mdLang><languageCode Sync="TRUE" value="en"></languageCode></mdLang><mdStanName Sync="TRUE">ISO 19115 Geographic Information - Metadata</mdStanName><mdStanVer Sync="TRUE">DIS_ESRI1.0</mdStanVer><mdChar><CharSetCd Sync="TRUE" value="004"></CharSetCd></mdChar><mdHrLv><ScopeCd Sync="TRUE" value="005"></ScopeCd></mdHrLv><mdHrLvName Sync="TRUE">dataset</mdHrLvName><distinfo><resdesc>This dataset is a resource for the Portage County Highway Department to use with WiscPlow.  It is not intended to be used for any other purpose or by any other parties.</resdesc><stdorder><digform><digtinfo><transize Sync="TRUE">1.812</transize><dssize Sync="TRUE">1.812</dssize></digtinfo></digform></stdorder><distliab>This dataset is intended to be used only by the Portage County Highway Department.  This dataset is not intended to be reproduced or distributed to any other parties.  The UW-Madison WiscPlow Research Team and the Portage County Highway Department will not be liable in any way for the spatial accuracy of this data and will assume no responsibility for any damage to the data, if it were to be used by another party.</distliab></distinfo><spdoinfo><direct Sync="TRUE">Vector</direct><ptvctinf><sdtsterm Name="PortageRoads"><sdtstype Sync="TRUE">String</sdtstype><ptvctcnt Sync="TRUE">7051</ptvctcnt></sdtsterm><esriterm Name="PortageRoads"><featdesc>roadway centerlines</featdesc><efeatyp Sync="TRUE">Simple</efeatyp><efeageom Sync="TRUE">Polyline</efeageom><esritopo Sync="TRUE">FALSE</esritopo><efeacnt Sync="TRUE">7051</efeacnt><spindex Sync="TRUE">TRUE</spindex><linrefer Sync="TRUE">FALSE</linrefer></esriterm></ptvctinf></spdoinfo><spref><horizsys><cordsysn><geogcsn Sync="TRUE">GCS_North_American_1983_HARN</geogcsn><projcsn Sync="TRUE">NAD_1983_HARN_Lambert_Conformal_Conic</projcsn></cordsysn><planar><planci><plance Sync="TRUE">coordinate pair</plance><plandu Sync="TRUE">survey feet</plandu><coordrep><absres Sync="TRUE">0.000256</absres><ordres Sync="TRUE">0.000256</ordres></coordrep></planci><mapproj><mapprojn Sync="TRUE">Lambert Conformal Conic</mapprojn><lambertc><stdparll Sync="TRUE">44.183333</stdparll><stdparll Sync="TRUE">44.650000</stdparll><longcm Sync="TRUE">-89.500000</longcm><latprjo Sync="TRUE">43.966667</latprjo><feast Sync="TRUE">185000.000078</feast><fnorth Sync="TRUE">0.000000</fnorth></lambertc></mapproj></planar><geodetic><horizdn Sync="TRUE">D_North_American_1983_HARN</horizdn><ellips Sync="TRUE">Geodetic Reference System 80</ellips><semiaxis Sync="TRUE">6378137.000000</semiaxis><denflat Sync="TRUE">298.257222</denflat></geodetic></horizsys></spref><refSysInfo><RefSystem><refSysID><identCode Sync="TRUE">NAD_1983_HARN_Lambert_Conformal_Conic</identCode></refSysID></RefSystem></refSysInfo><spatRepInfo><VectSpatRep><topLvl><TopoLevCd Sync="TRUE" value="001"></TopoLevCd></topLvl><geometObjs Name="PortageRoads"><geoObjTyp><GeoObjTypCd Sync="TRUE" value="001"></GeoObjTypCd></geoObjTyp><geoObjCnt Sync="TRUE">7051</geoObjCnt></geometObjs></VectSpatRep></spatRepInfo><eainfo><detailed Name="PortageRoads"><enttyp><enttypl>Roadway Centerlines</enttypl><enttypt Sync="TRUE">Feature Class</enttypt><enttypc Sync="TRUE">7051</enttypc><enttypd>Roadway Centerlines in Portage County</enttypd></enttyp><attr><attrlabl Sync="TRUE">FID</attrlabl><attalias Sync="TRUE">FID</attalias><attrtype Sync="TRUE">OID</attrtype><attwidth Sync="TRUE">4</attwidth><atprecis Sync="TRUE">0</atprecis><attscale Sync="TRUE">0</attscale><attrdef Sync="TRUE">Internal feature number.</attrdef><attrdefs Sync="TRUE">ESRI</attrdefs><attrdomv><udom Sync="TRUE">Sequential unique whole numbers that are automatically generated.</udom></attrdomv></attr><attr><attrlabl Sync="TRUE">Shape</attrlabl><attalias Sync="TRUE">Shape</attalias><attrtype Sync="TRUE">Geometry</attrtype><attwidth Sync="TRUE">0</attwidth><atprecis Sync="TRUE">0</atprecis><attscale Sync="TRUE">0</attscale><attrdef Sync="TRUE">Feature geometry.</attrdef><attrdefs Sync="TRUE">ESRI</attrdefs><attrdomv><udom Sync="TRUE">Coordinates defining the features.</udom></attrdomv></attr><attr><attrlabl Sync="TRUE">LENGTH</attrlabl><attalias Sync="TRUE">LENGTH</attalias><attrtype Sync="TRUE">Float</attrtype><attwidth Sync="TRUE">19</attwidth><atnumdec Sync="TRUE">11</atnumdec><attrdef>Length, in feet, of each polyline.</attrdef><attrdomv><udom>Positive Real Numbers that are automatically generated.</udom></attrdomv><attrmfrq>As needed</attrmfrq><attrdefs>ESRI</attrdefs></attr><attr><attrlabl Sync="TRUE">TF_WEIGHT</attrlabl><attalias Sync="TRUE">TF_WEIGHT</attalias><attrtype Sync="TRUE">Float</attrtype><attwidth Sync="TRUE">19</attwidth><atnumdec Sync="TRUE">11</atnumdec><attrdef>Field used to create topology.</attrdef><attrdefs>WiscPlow Research Team</attrdefs><attrdomv><edom><edomv>-1</edomv><edomvd>Travel in direction from TNODE to FNODE not allowed.</edomvd><edomvds>WiscPlow research Team</edomvds></edom><edom><edomv>Positive Real Numbers</edomv><edomvd>Equal to Length.  Travel in direction from TNODE to FNODE is allowed.</edomvd><edomvds>WiscPlow research Team</edomvds></edom></attrdomv></attr><attr><attrlabl Sync="TRUE">FT_WEIGHT</attrlabl><attalias Sync="TRUE">FT_WEIGHT</attalias><attrtype Sync="TRUE">Float</attrtype><attwidth Sync="TRUE">19</attwidth><atnumdec Sync="TRUE">11</atnumdec><attrdef>Field used to create topology</attrdef><attrdefs>WiscPlow Research Team</attrdefs><attrdomv><edom><edomv>-1</edomv><edomvd>Travel in direction from FNODE to TNODE not allowed.</edomvd><edomvds>WiscPlow Research Team</edomvds></edom><edom><edomv>Positive Real Numbers</edomv><edomvd>Equal to length.  Travel in direction from FNODE to TNODE is allowed.</edomvd><edomvds>WiscPlow Research Team</edomvds></edom></attrdomv></attr><attr><attrlabl Sync="TRUE">PATROLSECT</attrlabl><attalias Sync="TRUE">PATROLSECT</attalias><attrtype Sync="TRUE">String</attrtype><attwidth Sync="TRUE">20</attwidth><attrdef>Code used by Portage County Highway Department</attrdef><attrdefs>Portage County Highway Department</attrdefs><attrdomv><edom><edomv>1</edomv><edomvd>Patrol Section for Winter Maintenance</edomvd><edomvds>Portage County Highway Department</edomvds></edom><edom><edomv>1a</edomv><edomvd>Patrol Section for Winter Maintenance</edomvd><edomvds>Portage County Highway Department</edomvds></edom><edom><edomv>2</edomv><edomvd>Patrol Section for Winter Maintenance</edomvd><edomvds>Portage County Highway Department</edomvds></edom><edom><edomv>2a</edomv><edomvd>Patrol Section for Winter Maintenance</edomvd><edomvds>Portage County Highway Department</edomvds></edom><edom><edomv>3</edomv><edomvd>Patrol Section for Winter Maintenance</edomvd><edomvds>Portage County Highway Department</edomvds></edom><edom><edomv>4</edomv><edomvd>Patrol Section for Winter Maintenance</edomvd><edomvds>Portage County Highway Department</edomvds></edom><edom><edomv>4a</edomv><edomvd>Patrol Section for Winter Maintenance</edomvd><edomvds>Portage County Highway Department</edomvds></edom><edom><edomv>5</edomv><edomvd>Patrol Section for Winter Maintenance</edomvd><edomvds>Portage County Highway Department</edomvds></edom><edom><edomv>6</edomv><edomvd>Patrol Section for Winter Maintenance</edomvd><edomvds>Portage County Highway Department</edomvds></edom><edom><edomv>6a</edomv><edomvd>Patrol Section for Winter Maintenance</edomvd><edomvds>Portage County Highway Department</edomvds></edom><edom><edomv>7</edomv><edomvd>Patrol Section for Winter Maintenance</edomvd><edomvds>Portage County Highway Department</edomvds></edom><edom><edomv>7a</edomv><edomvd>Patrol Section for Winter Maintenance</edomvd><edomvds>Portage County Highway Department</edomvds></edom><edom><edomv>left blank</edomv><edomvd>Road not on Patrol Section</edomvd><edomvds>WiscPlow Research Team</edomvds></edom></attrdomv></attr><attr><attrlabl Sync="TRUE">ROUTEN_COM</attrlabl><attalias Sync="TRUE">ROUTEN_COM</attalias><attrtype Sync="TRUE">String</attrtype><attwidth Sync="TRUE">50</attwidth><attrdef>Common Road Name</attrdef><attrdefs>WiscPlow Research Team</attrdefs><attrdomv><edom><edomv>String</edomv><edomvd>Common Road Name</edomvd><edomvds>WiscPlow Research Team</edomvds></edom></attrdomv></attr><attr><attrlabl Sync="TRUE">Class</attrlabl><attalias Sync="TRUE">Class</attalias><attrtype Sync="TRUE">String</attrtype><attwidth Sync="TRUE">10</attwidth><attrdef>Defines Roadway Class for use in WiscPlow</attrdef><attrdefs>WiscPlow Research Team</attrdefs><attrdomv><edom><edomv>0</edomv><edomvd>Not a federal, state, or interstate roadway.</edomvd><edomvds>WiscPlow Research Team</edomvds></edom><edom><edomv>1</edomv><edomvd>A federal, state, or interstate roadway.</edomvd><edomvds>WiscPlow Research Team</edomvds></edom></attrdomv></attr></detailed></eainfo><mdDateSt Sync="TRUE">20051028</mdDateSt></metadata>
